{
  "model_dir": "/Users/avi/Documents/projects/starccato_jax/starccato_jax/out_blip",
  "model_sha256": "2ce2b017da79a6497c622617a8cf12a176a001979631ffec012c8515907a6314",
  "dataset": "blip",
  "data_seed": 0,
  "frequency_band_hz": [
    300.0,
    800.0
  ],
  "sample_rate_hz": 4096.0,
  "validation_fidelity": {
    "time_mse_median": 0.012509612661297978,
    "time_mse_p90": 0.058917548936195344,
    "mismatch_median": 0.24141177209170817,
    "mismatch_p90": 0.8156135017697066,
    "log_spectral_distance_median": 2.0433078320215037,
    "log_spectral_distance_p90": 2.820291217926199,
    "peak_time_error_ms_median": 0.0,
    "peak_time_error_ms_p90": 0.26855468750000555
  },
  "prior_geometry": {
    "n_points": 128,
    "singular_value_median": [
      17.720287322998047,
      9.965131759643555,
      6.0478668212890625,
      3.1451244354248047,
      0.14825552701950073
    ],
    "condition_number_median": 141.48435974121094,
    "condition_number_p90": 324.6851806640625,
    "effective_rank_min": 5,
    "roundtrip_rmse_median": 0.33948385437886625,
    "roundtrip_rmse_p90": 0.6514538856278629
  },
  "prior_collisions": {
    "n_points": 128,
    "eligible_pairs": 8076,
    "collision_pairs": 0,
    "minimum_mismatch": 0.0020006299018859863,
    "mismatch_p01": 0.04263630509376526,
    "minimum_mismatch_pair": [
      4,
      87
    ],
    "minimum_mismatch_latent_distance": 2.2300317913201173
  },
  "validation_geometry": {
    "n_points": 128,
    "singular_value_median": [
      12.815399169921875,
      6.731075286865234,
      4.509917259216309,
      2.627551317214966,
      0.08019980788230896
    ],
    "condition_number_median": 163.98553466796875,
    "condition_number_p90": 286.3741760253906,
    "effective_rank_min": 5,
    "roundtrip_rmse_median": 0.07747641310071915,
    "roundtrip_rmse_p90": 0.1511231794527388
  },
  "posterior_samples": "/Users/avi/.codex/visualizations/2026/07/18/019f72ad-ec01-7b72-898f-d1531d144a78/vae_retraining_pilot/blip_z5_c12_e1000_map_nuts/samples.npz",
  "posterior_geometry": {
    "n_points": 128,
    "singular_value_median": [
      92.80384826660156,
      49.064353942871094,
      33.6745719909668,
      10.931612014770508,
      1.8583931922912598
    ],
    "condition_number_median": 51.18097686767578,
    "condition_number_p90": 82.36268615722656,
    "effective_rank_min": 5,
    "roundtrip_rmse_median": 0.8338255401747934,
    "roundtrip_rmse_p90": 0.8599507317057543
  },
  "posterior_collisions": {
    "n_points": 128,
    "eligible_pairs": 0,
    "collision_pairs": 0,
    "minimum_mismatch": null
  },
  "map_diagnostics": "/Users/avi/.codex/visualizations/2026/07/18/019f72ad-ec01-7b72-898f-d1531d144a78/vae_retraining_pilot/blip_z5_c12_e1000_map_nuts/diagnostics.json",
  "map_log_density_descending": [
    70.79265391215696,
    69.47759867970579,
    69.47637246137093,
    52.14332632556914,
    44.73636614592744,
    37.9958396066977,
    37.99519146339963,
    37.993960441394115,
    37.9627432620999,
    37.85538728452589,
    36.741545216595924,
    36.72036603305757,
    36.32934855658196,
    25.79810230269633,
    21.95629386052697,
    21.894680189387216,
    15.656552178135911,
    15.656425005705856,
    8.494362522763918,
    -6.800097447072945
  ],
  "map_geometry": {
    "n_points": 20,
    "singular_value_median": [
      25.778505325317383,
      15.444084167480469,
      9.952829360961914,
      6.623398780822754,
      0.5034054517745972
    ],
    "condition_number_median": 52.39886474609375,
    "condition_number_p90": 170.058349609375,
    "effective_rank_min": 5,
    "roundtrip_rmse_median": 0.3406253476410228,
    "roundtrip_rmse_p90": 0.8316725590914605
  },
  "map_collisions": {
    "n_points": 20,
    "eligible_pairs": 160,
    "collision_pairs": 1,
    "minimum_mismatch": 0.0003803372383117676,
    "mismatch_p01": 0.013412491418421268,
    "minimum_mismatch_pair": [
      3,
      8
    ],
    "minimum_mismatch_latent_distance": 0.5118024931592352
  },
  "map_to_posterior": [
    {
      "attempt_index": 15,
      "log_density": 70.79265391215696,
      "minimum_latent_distance": 0.010928813420460443
    },
    {
      "attempt_index": 12,
      "log_density": 69.47759867970579,
      "minimum_latent_distance": 0.007027170394324026
    },
    {
      "attempt_index": 16,
      "log_density": 69.47637246137093,
      "minimum_latent_distance": 0.006791169230012272
    },
    {
      "attempt_index": 1,
      "log_density": 52.14332632556914,
      "minimum_latent_distance": 0.3121742438579143
    },
    {
      "attempt_index": 9,
      "log_density": 44.73636614592744,
      "minimum_latent_distance": 1.6003503456649815
    },
    {
      "attempt_index": 0,
      "log_density": 37.9958396066977,
      "minimum_latent_distance": 2.2459284465670386
    },
    {
      "attempt_index": 7,
      "log_density": 37.99519146339963,
      "minimum_latent_distance": 2.26072342038777
    },
    {
      "attempt_index": 6,
      "log_density": 37.993960441394115,
      "minimum_latent_distance": 2.283163386956613
    },
    {
      "attempt_index": 4,
      "log_density": 37.9627432620999,
      "minimum_latent_distance": 2.2156288361370224
    },
    {
      "attempt_index": 10,
      "log_density": 37.85538728452589,
      "minimum_latent_distance": 1.9906008860886526
    },
    {
      "attempt_index": 8,
      "log_density": 36.741545216595924,
      "minimum_latent_distance": 2.217560624430264
    },
    {
      "attempt_index": 13,
      "log_density": 36.72036603305757,
      "minimum_latent_distance": 2.3087809606564806
    },
    {
      "attempt_index": 3,
      "log_density": 36.32934855658196,
      "minimum_latent_distance": 2.699760693523155
    },
    {
      "attempt_index": 17,
      "log_density": 25.79810230269633,
      "minimum_latent_distance": 2.044499804967175
    },
    {
      "attempt_index": 18,
      "log_density": 21.95629386052697,
      "minimum_latent_distance": 1.8574379741200173
    },
    {
      "attempt_index": 2,
      "log_density": 21.894680189387216,
      "minimum_latent_distance": 2.0688087368363632
    },
    {
      "attempt_index": 14,
      "log_density": 15.656552178135911,
      "minimum_latent_distance": 0.9289752354183024
    },
    {
      "attempt_index": 5,
      "log_density": 15.656425005705856,
      "minimum_latent_distance": 0.9370518890333471
    },
    {
      "attempt_index": 11,
      "log_density": 8.494362522763918,
      "minimum_latent_distance": 1.5536798332597732
    },
    {
      "attempt_index": 19,
      "log_density": -6.800097447072945,
      "minimum_latent_distance": 0.6796498270682225
    }
  ]
}
