{
  "study_date": "2026-07-18",
  "case": "CCSNE injection in real L1 noise",
  "likelihood": "noise_scale_marginal",
  "initialization": "20_start_bounded_lbfgs_map",
  "sampler": {
    "algorithm": "NUTS",
    "chains": 4,
    "warmup_per_chain": 800,
    "samples_per_chain": 800,
    "target_accept_prob": 0.95,
    "max_tree_depth": 12
  },
  "selected_candidate": {
    "training_seed": 2,
    "model_sha256": "edf65676b43f0b015dfff4a5613b9189b1f2bc19159e0a599d5db5595abea0be",
    "next_distinct_map_delta_log_density": 14.689794037765893,
    "divergences": 0,
    "max_rhat": 1.010437567819996,
    "min_ess": 367.6835401746385,
    "ebfmi_by_chain": [
      0.9005525860725517,
      0.8488923866022141,
      0.9325034368057993,
      0.9747953996289134
    ],
    "max_num_steps": 95,
    "tree_depth_saturation_fraction": 0.0
  },
  "rejected_candidate": {
    "training_seed": 1,
    "model_sha256": "a7aa27cab3909638e8feaace91eb794686123114c3ce6b5dd30369a9c7025760",
    "next_distinct_map_delta_log_density": 4.4080549340542206,
    "long_run_warmup_per_chain": 2000,
    "long_run_samples_per_chain": 2000,
    "long_run_divergences": 0,
    "long_run_max_rhat": 1.15659255744573,
    "long_run_min_ess": 13.70463113096271,
    "rejection_reason": "slow or multimodal posterior remained nonconverged after the longer run"
  }
}
